00898141-a94c-3d11-a930-0b86b5ae5b95		
01b3e05b-9711-3b40-9904-5b22fd41efa2	SNL Digital Short: United Way	http://screen.yahoo.com/snl-digital-short-united-way-000000258.html
01d18f17-487e-344d-8685-95dae0f950c7	Hollywood Falls for Brooklyn	http://news.yahoo.com/video/hollywood-falls-brooklyn-145847597.html
021141a9-727f-3f9a-8cb5-874764f91669		
024b4202-d176-3bd9-9ec8-3d20edee6068	Barrington School Warns Parents After Students Caught Playing &#39;Hanging&#39; Game	http://news.yahoo.com/video/barrington-school-warns-parents-students-231500535.html
0278d801-6750-3638-9767-1ff905bbee68		
0294a3f4-041c-3730-b8a1-8bf40ae646a8		
02af3110-181b-372f-915b-e45b02fc2c0f	BAMM.tv Presents, Proving Grounds: French Cassettes - &quot;Mouth Drum&quot;	https://www.yahoo.com/music/video/bamm-tv-presents-proving-grounds-070000701.html
02cec0b9-5338-3e52-8be4-0c4e722dc7b0	Uber Driver Arrested After Female Client Wakes Up In Hotel Room	http://news.yahoo.com/video/uber-driver-arrested-female-client-232600350.html
03699708-e162-3f42-8161-bd588ea8175d	Video Shows Girlfriend Of Fallen Officer Shortly After Shooting	http://news.yahoo.com/video/video-shows-girlfriend-fallen-officer-132800505.html
03a70fb3-6f6d-3892-9f16-09282147f9bf		
046ab207-86ff-3841-884d-71ff321c6653		
046cc80c-b444-37ef-b205-001e563cffd4	Judge Expands Casey Kasem&#39;s Daughter&#39;s Power As Conservator	http://news.yahoo.com/video/judge-expands-casey-kasems-daughters-001100981.html
05be4367-836e-3404-91cf-b10f0d45ace2		
05e20b8e-3f43-3345-80c3-7047cd41e892	Giant Monster Statue Shocks Residents	http://news.yahoo.com/video/giant-monster-statue-shocks-residents-230021386.html
06493bbd-0388-3322-8cb1-63c94c41e70c	Weekend Update: Rebecca Larue	http://screen.yahoo.com/weekend-rebecca-larue-000000657.html
06fbe98e-8195-3dc3-843a-a5e39c6776a7	Mokiki	http://screen.yahoo.com/mokiki-000000022.html
07208418-91ac-3248-869e-9e44140c8dc7	Businessman Catches Biggest Great White Shark Ever	http://news.yahoo.com/video/businessman-catches-biggest-great-white-225504141.html
07de17c6-8684-33c0-b0a1-1f04f44fe46a		
0882362d-7362-3519-bff0-dba609c77ac9	SNL Digital Short: D**k in a Box (Censored)	http://screen.yahoo.com/snl-digital-short-d-k-000000711.html
08c2205c-b494-3d50-9ebb-02573c3cabff	Navigating a Buffet	https://www.yahoo.com/health/v/navigating-buffet-040000545.html
0915b727-0234-3673-ad62-1c0db1f3843f		
09a22f21-fec8-38ad-818a-8c85219ba53b		
09da5cbf-7c77-35a2-93e7-2c429dd4e3e0	Girlfriends Talk Show: The New Girl	http://screen.yahoo.com/girlfriends-talk-show-girl-000000032.html
0a20feb9-15fd-3aaf-9f85-318a0c6700f3	Kissing Family Thanksgiving	http://screen.yahoo.com/kissing-family-thanksgiving-000000561.html
0a33a74e-59a8-36a7-836e-34689a71060d		
0ac2d673-376f-3699-8763-f62625e650df	NPR's Delicious Dish: Schweddy Balls (1998)	http://screen.yahoo.com/nprs-delicious-dish-schweddy-balls-000000088.html
0b631031-4672-3b32-8074-3c72e74cd6e2		
0ba16af9-1c6e-3bc8-88c6-93c1753a6353	Game of Game of Thrones	http://screen.yahoo.com/game-game-thrones-000000241.html
0bae069f-1372-3635-9c76-99b18880b378	Baby Goats Kid Around in Playground	http://uk.news.yahoo.com/video/baby-goats-kid-around-playground-091813076.html
0c16ac91-6d9d-3d7c-90b7-69f536d9b6da	Scared Straight: Lorenzo and Lindsay Lohan	http://screen.yahoo.com/scared-straight-lorenzo-lindsay-lohan-000000540.html
0c60949d-4a33-3197-b881-6c3937f22e1d	Improve Your Financial Aid Eligibility With These Tips	https://finance.yahoo.com/video/improve-financial-aid-eligibility-tips-111303787.html
0c86ef55-4716-3b0b-bfd8-8481926dd1ed	Grateful Son Keeps Childhood Promise To His Dad	https://news.yahoo.com/video/grateful-son-keeps-childhood-promise-002509015.html
0ce4684b-5c13-3a4a-b53d-0f43e51bb670		
0d6702e2-1b07-346c-be04-3c500a5c4d3a	Dogs Just Don&#39;t Want to Play Fetch	https://news.yahoo.com/video/dogs-just-dont-want-play-190724008.html
0f7d410f-fbde-3631-bd1f-206a7aa31bb6	Social Network LinkedIn Faces a Privacy Rights Lawsuit	https://finance.yahoo.com/video/social-network-linkedin-faces-privacy-130603529.html
0fda0089-0345-3fe0-9de2-339ab51ad0cb	Celebrity Jeopardy: Sean Connery, Anne Heche, Chris Tucker	http://screen.yahoo.com/celebrity-jeopardy-sean-connery-anne-000000916.html
11875a08-b396-36ea-81b1-d1c30644e7c8		
122fd135-8912-331e-b796-c7c14b7359b4	Star Trek Convention	http://screen.yahoo.com/star-trek-convention-000000768.html
12d801c1-8145-3144-ba71-9f0934d32cbb		
134ab0c2-a6e2-3529-80f3-ba8a5b1fddec	Maine Justice	http://screen.yahoo.com/maine-justice-000000362.html
145960e9-c2c7-35d3-a1d5-c5c089118f37	Brenda the Waitress	http://screen.yahoo.com/brenda-waitress-000000407.html
1488fb90-9565-325a-9a07-cdba493e813f	&quot;Fifty Shades of Grey&quot; FIRST Teaser Trailer - DETAILS!	https://www.yahoo.com/celebrity/video/fifty-shades-grey-first-teaser-191900481.html
1557477c-f7ec-3dbd-9c4a-ca9ef8817e9d		
162314e4-5132-3c76-b7a3-f3f9baac1e67	What Up With That: Al Gore	http://screen.yahoo.com/al-gore-000000893.html
1664e2ed-4658-3987-99ef-55b46f295b04		
18c89a53-2b1d-3111-8a17-b96244c71bba	US Sen. Ted Cruz Easily WIns State Presidential Straw Poll	https://news.yahoo.com/video/us-sen-ted-cruz-easily-031900334.html
18db655d-93bd-3bb9-92fb-5d5ff082426b	Weekend Update: Cecilia Gimenez	http://screen.yahoo.com/weekend-cecilia-gimenez-000000971.html
192e4df7-34ba-3148-b59e-596fb38a1ee2	Bieber A No-Show At Local High School Prom	https://news.yahoo.com/video/bieber-no-show-local-high-030900576.html
1a1031ed-5937-3586-8b61-7cb540118303		
1a4f16f3-38d8-3c82-bcb0-3637c79849e5	Pregnant Teen Loses Baby After Duquesne Shooting	https://news.yahoo.com/video/pregnant-teen-loses-baby-duquesne-160400218.html
1b62bdeb-b4bf-31c3-9263-10d7c9722c86	Daycare Owner Accused Of Indecency With Child	https://news.yahoo.com/video/daycare-owner-accused-indecency-child-163500285.html
1bdbda1e-c147-3efa-9206-219be0196907	Turlington's Lower Back Tattoo Remover	http://screen.yahoo.com/turlingtons-lower-back-tattoo-remover-000000691.html
1c40d134-5bee-3786-b07a-49ae2b9caf5c		
1ca6f290-f1eb-32b1-adaa-6d8118be1521		
1ccd9ef6-7767-3954-8fa4-681a4e2fb3ba	Superman's Funeral	http://screen.yahoo.com/supermans-funeral-000000928.html
1d9432e3-2b22-384f-bcc1-6ef34cf18dfa		
1de8f17d-0cea-339c-a2b8-db314b2c42a7		
1dfe5814-1c96-3d94-93af-3f510aa957a1	Herb Welch: Shots Fired	http://screen.yahoo.com/herb-welch-shots-fired-000000066.html
1e7a7d8e-eb39-37d0-8023-7836fa681680	Game of Thrones Season 4 Episode 8 Trailer	https://www.yahoo.com/celebrity/video/game-thrones-season-4-episode-220309155.html
1e98a57d-d20a-3b46-bafa-aa6526bd9cb0		
1ef55005-263e-3a09-9c15-bdce1487e895	Teen Vogue&#39;s The Cover - Elle Fanning Talks About What It’s Like Working with Angelina Jolie on &#39;Maleficent&#39;	https://www.yahoo.com/style/video/teen-vogues-cover-elle-fanning-200000936.html
1f4a934a-9253-3898-9e05-8954579347a6		
1f6a356a-08ea-3859-8509-4ab54946f77a	Southwest Announces New Non-Stop Fares From Love Field	https://news.yahoo.com/video/southwest-announces-non-stop-fares-213300169.html
1fcffbc0-847d-347c-ab37-c17a8890a6bf	Teen, Girlfriend Arrested In Sterling, Suspected Of Killing Boy&#39;s Grandparents	https://news.yahoo.com/video/teen-girlfriend-arrested-sterling-suspected-144900382.html
201045ee-0f96-3084-8093-015abf2528f8	Down By The River	http://screen.yahoo.com/down-river-000000356.html
20e60ab7-09d4-3f42-9258-38bcab667fa4		
21270977-7fc7-3067-b2f8-c475fe247d4e	Weekend Update: Stefon's Valentine's Day	http://screen.yahoo.com/weekend-stefon-valentines-day-050000600.html
216458dc-b9c1-3dae-bf8c-365c512f4d1f	Marketing Domino’s in the Lunchroom	https://news.yahoo.com/video/domino-smart-slice-085052212.html
2304ac40-17b7-3e60-8ac4-b99aa52fbb92	The Exact Moment A Deaf Woman Hears for the First Time	http://uk.news.yahoo.com/video/touching-video-shows-moment-lady-151918041.html
2359351b-db7d-3594-8e9b-b246837eb14b	Five Most Highly-Anticipated Video Games to Headline E3 2014	https://finance.yahoo.com/video/five-most-highly-anticipated-video-215602670.html
2464dd29-4451-3132-985c-2e5e818c6ecc	Michael Moore’s Messy Divorce	https://www.yahoo.com/celebrity/v/michael-moore-messy-divorce-205641231.html
2467f1db-9835-3263-9993-4e3faf6b7e57	Haunting Close-Ups Of American Ghost Towns	https://news.yahoo.com/video/haunting-close-ups-american-ghost-235626273.html
2470b7a8-11ec-3321-b4b4-e7664041769d	Starbucks Verismo	http://screen.yahoo.com/starbucks-verismo-000000234.html
258fb4d6-66c2-32cf-84ec-ed5eda32c76f	Marine surprises sister on her wedding day	http://uk.news.yahoo.com/video/marine-surprises-bride-wedding-day-144731791.html
26102ac8-018f-3aed-aca6-84f4494ec065		
26329cdf-75a3-3fb9-96d7-5e6a080ebf7a	Taste Test	http://screen.yahoo.com/taste-test-000000694.html
26386a8d-2417-3e92-bed5-8bf0b4cc76c2	Mexican Coke Vs American Coke Taste Test	https://news.yahoo.com/video/mexican-coke-vs-american-coke-171928721.html
26644a90-99f1-3f38-a557-2fed7ebc18d5	Nick Burns, Your Company's Computer Guy: Sparks Fly	http://screen.yahoo.com/nick-burns-companys-computer-guy-000000899.html
26787c83-c214-3676-b21c-c535f799352b		
26ffe8ac-7548-369b-9ecf-22af8a71200f	Hot Tub Lovers: Roger and Virginia Klarvin	http://screen.yahoo.com/hot-tub-lovers-roger-virginia-000000656.html
270b937f-09b9-3bbd-b6d1-417f92004daa	The Californians: Dress Version	http://screen.yahoo.com/californians-dress-version-050000580.html
2856e037-759b-319d-99f0-9aa9eb616321	The Scary Truth About Facebook	https://news.yahoo.com/video/scary-truth-facebook-200720792.html
2a51c424-20ad-3de3-bafd-d796e1360e27	14 Lucky Guys Katy Perry Has Dated!	https://www.yahoo.com/celebrity/video/14-lucky-guys-katy-perry-152031758.html
2a84d813-4b0c-390d-bba3-fb9f34058777		
2ab52153-b153-3112-9027-75a7d261fd57	Sue Loves Surprises: Baby	http://screen.yahoo.com/sue-loves-surprises-baby-000000311.html
2affcb24-383b-3c2b-9fdf-c5cac67ca456		
2be81ba1-a652-30af-bd49-73935d917b67	Lincoln's Birthday	http://screen.yahoo.com/lincolns-birthday-000000485.html
2d23a639-167b-3507-80eb-22fa02cc824c		
2da9d152-98e0-3444-9c34-1cfc5328e347		
2dbff958-cbdf-386b-9d28-22bf842e22a5		
2e230486-c39b-3d6e-9d0b-4cdc91deaa39	Don't Buy Stuff	http://screen.yahoo.com/dont-buy-stuff-000000884.html
2eb1ae8a-9aa1-36c0-8314-fcaff3740de5	Crazy Doctor's Office: Misplaced Baby	http://screen.yahoo.com/crazy-doctors-office-misplaced-baby-000000581.html
2edd21ae-5933-3217-934d-2e28143d8c98	Major Malfunction: Revisiting Challenger	https://news.yahoo.com/video/major-malfunction-revisiting-challenger-145044921.html
2eecd233-c6cc-3d28-a2a1-861802259ca9	Jennifer Lopez on Red Carpet Billboard Music Awards 2014	https://www.yahoo.com/celebrity/v/jennifer-lopez-red-carpet-billboard-045535723.html
2eff4ffa-b801-33be-887f-d753d8cdb96d	Penelope: Thanksgiving	http://screen.yahoo.com/penelope-thanksgiving-000000068.html
2f71e5e7-6226-39a1-99d1-ffa59a8eca91	Huge Sea Turtle Crashes Wedding	https://news.yahoo.com/video/huge-sea-turtle-crashes-wedding-204502237.html
2ffa74ff-77bf-3621-aa68-4fa094ee5ef4	Police: Parents Got High, Passed Out In Car While 8-Month-Old Sat In Back Seat	https://news.yahoo.com/video/police-parents-got-high-passed-164300970.html
315ee7f6-7901-3dcf-8258-953832f5de5e	Jon Hamm's John Ham	http://screen.yahoo.com/jon-hamms-john-ham-000000096.html
32064477-e70e-3aa1-a7a2-9928c37a5df8	Anna Kendrick Can&#39;t Stop Taking Seflies During Her ELLE Cover Shoot	http://shine.yahoo.com/video/anna-kendrick-cant-stop-taking-214619158.html
32771e15-9b73-3394-9487-4fe455b65141	SNL Digital Short: Iran So Far	http://screen.yahoo.com/snl-digital-short-iran-far-000000189.html
32dce87f-7ee5-330c-a779-687c9d7074cb		
33b707b9-e2dc-3eda-8157-195fae5f9b77		
34342e41-c634-3ef2-93f9-b65c29c30f08		
3469df57-698d-3aa5-9795-8fe24be2535b		
35632b45-2a22-3f9a-9a91-28ad13ecdb41	Pantene Commercial	http://screen.yahoo.com/pantene-commercial-000000204.html
3693fff6-3b66-3de2-bb5c-a02f2891ea9e	4th Grader Caught Smoking Pot In School, Faces Discipline	https://news.yahoo.com/video/4th-grader-caught-smoking-pot-103700041.html
369fcdb7-3144-3bf3-a8b1-f12ca0d9958b		
37373304-c6f2-3061-b342-8cc7203a09d8	Ohio Replaces Lethal Injection With Humane New Head-Ripping-Off Machine	https://www.yahoo.com/tv/video/ohio-replaces-lethal-injection-humane-174002036.html
376f1e2b-9d52-3bd9-a4f2-d5a20114441d	Colon Blow	http://screen.yahoo.com/colon-blow-000000540.html
37c908dc-020b-3ca2-bf1a-1ffa27cdfcc7	The running race everyone should try	https://www.yahoo.com/health/v/race-everyone-try-040000433.html
37df9738-56c4-3bb2-acec-bbcfd47d6c3c	Bear lies down in hammock in Daytona Beach neighborhood	http://news.yahoo.com/video/bear-lies-down-hammock-daytona-033516295.html
38445f65-86cd-369d-9b82-5cfcc86a4da3	Demi Takes Over American Idol Finale - Miley Cyrus Scolds Puking Jennifer Lawrence (DHR)	https://www.yahoo.com/celebrity/v/demi-takes-over-american-idol-002303883.html
386e2aee-0f60-39da-99cd-03bbbfda9d81		
38d348c5-7416-36ca-96e3-d402167b1b49	Pride Fest Video Shows Officer Allegedly Assaulting Woman	https://news.yahoo.com/video/pride-fest-video-shows-officer-162000849.html
398b3ee8-cd0c-3617-9bb4-1e27d5de249c	Nintendo Facts	https://news.yahoo.com/video/nintendo-facts-change-way-play-000240731.html
3a33896f-a469-380b-8322-47b2604fda6e		
3b44ed1e-965c-3591-b0d6-a575e7bd9bcc	Sally O`Malley	http://screen.yahoo.com/sally-o-malley-000000803.html
3b76f6e3-dd1e-3696-b6b9-d52c52a1bc02	X Men Days of Future Past End Credits Scene Explained - SPOILERS!	https://www.yahoo.com/movies/video/x-men-days-future-past-220304393.html
3c02b811-334e-35c0-80c5-fbd5a0b666fd		
3cb1c627-1430-3cdb-8dde-5e0142d4b509	Diver's Close Encounter with Whale's Open Mouth	https://uk.news.yahoo.com/video/diver-nearly-swallowed-whale-130500084.html
3d36fa48-d139-3138-b6c5-2d77e886ab3a	Police: Parents Got High, Passed Out In Car While 8-Month-Old Sat In Back Seat	https://news.yahoo.com/video/police-parents-got-high-passed-221900433.html
3d8484cd-9839-3918-9bac-1bc2fdb2ac12	Weekend Update: Lil' Wayne and Eminem	http://screen.yahoo.com/weekend-lil-wayne-eminem-000000799.html
3d88a58f-f006-3dae-ab28-67cb4adac7a3		
3d9694d3-4ee6-32f3-8813-2ea3447e6f9c	Pet Owners Left With Vet Bills After Grooming Visits	https://news.yahoo.com/video/pet-owners-left-vet-bills-002900919.html
3da3706c-5f7a-37c6-b8c5-283b582b61b0	Cold Opening: Glory Days	http://screen.yahoo.com/cold-opening-glory-days-000000990.html
3dd5ca64-807e-372f-9ff8-ca152f4e40c2	Strange and Surprising Social Media Facts	https://news.yahoo.com/video/10-shocking-facts-social-media-224215289.html
3e2d9c6c-e1dc-3ab4-b333-6802cf9fadf2	14 Sex Facts You Won&#39;t Believe Are True	https://news.yahoo.com/video/14-sex-facts-wont-believe-185520788.html
3e5542df-c93f-308d-96d8-8a19eacfa684		
3e5bb378-28ff-3065-b7f9-55d0e89619bd	Happy Birthday, Norm: Awkward '99 'SNL' flashback	http://screen.yahoo.com/norm-macdonald-monologue-000000579.html
3ea87b02-5630-3d3c-bbe5-e8b20c3b3ebd	'Game of Thrones' Stars' Forgotten Early Roles	https://news.yahoo.com/video/were-game-thrones-033652885.html
3ec7559b-1a8f-3288-a52e-f3c2a37bbe58		
3f5c7761-48a1-37cd-ac9d-ef986abed7fa		
4008fca3-4fa8-3018-a42c-66b2e8e32cbb	Anatomy of a Scene | ‘Godzilla’	https://news.yahoo.com/video/anatomy-scene-godzilla-053811545.html
4024c226-9c6f-3ce7-9299-8337185e68b0	Extreme Pogo Athletes Show Off Their Skills	http://uk.news.yahoo.com/video/extreme-pogo-athletes-show-off-150503470.html
410f9f45-a6c6-3e66-8acb-77f6354df109	Jennifer Lopez, Pitbull, Claudia Leitte ?We Are One (Ole Ola)? Copa Mundial 2014	https://es.celebrity.yahoo.com/video/jennifer-lopez-pitbull-claudia-leitte-002804028.html
42b5e69a-1ce3-315c-9dc8-2aca1877a229	Blizzard Man 2	http://screen.yahoo.com/blizzard-man-2-000000059.html
430eae25-e330-33fb-b442-edb6eb6247b9	James Brown's Celebrity Hot Tub Party	http://screen.yahoo.com/james-browns-celebrity-hot-tub-000000926.html
4365e8c8-485e-32c5-a6d7-21fb4e66bf5b	Taco Town	http://screen.yahoo.com/taco-town-000000333.html
441c74ab-37bc-34e2-ad68-33af9f29aa8a	Black Swan	http://screen.yahoo.com/black-swan-000000406.html
447e3c37-f7a8-3a2b-acd7-71d0ffdd5220	Behind The Music: (More Cowbell)	http://screen.yahoo.com/more-cowbell-174128899.html
44ef3ca6-4b89-3796-b63b-febd0bb69bb6		
4830aa0d-eae0-3ac8-9e51-b5410076b4ae	Digital Short: 100th Digital Short	http://screen.yahoo.com/digital-short-100th-digital-short-000000123.html
4897386f-9816-3ac4-a2ce-29bc25078d9e	The Californians: Drama Off the 405	http://screen.yahoo.com/californians-drama-off-405-000000032.html
48f94ee6-e0db-339c-aef1-4a408a9f4904	John Malkovich Learns His 'SNL' Monologue Is a Classic	http://screen.yahoo.com/twas-night-monologue-000000550.html
4a50b52a-1328-35e7-94e6-16232516c7e0		
4aa6d316-a5f2-3cb3-87c0-b4a736f7b4d9		
4b4dd6c8-40bf-38cb-aa1f-75de07256c14		
4c3cfe3b-adcd-3820-a29f-bb6813c98b80	New Photo Of Kim & Kanye With South Florida Pastor	https://news.yahoo.com/video/photo-kim-kanye-south-florida-224900115.html
4d503580-6672-3591-8dc6-4a02ffc90591	SNL Digital Short: The Curse	http://screen.yahoo.com/snl-digital-short-curse-000000046.html
4db972bc-33ac-3f40-86f1-c776eb64de59	Little Chocolate Donuts	http://screen.yahoo.com/little-chocolate-donuts-000000416.html
4ec13295-c17f-398d-a7c9-2901e41bf258	ScienceTake | The Longest Migration	https://news.yahoo.com/video/longest-migration-052341369.html
4f6f51a1-52fd-39da-aa45-d512936674fb		
4fbde93f-4722-3c54-bddc-b753d4eee648	Chris Farley's Lunch Lady Finds Love	http://screen.yahoo.com/lunch-lady-000000188.html
502b7a2a-687a-3d5c-9909-fedcdc2e1d83	Meet the Family	http://screen.yahoo.com/meet-family-000000344.html
502e510d-452f-3893-9155-569e20f144f0	Who&#39;s Smarter? Cat People Or Dog People?	https://news.yahoo.com/video/whos-smarter-cat-people-dog-124300969.html
505a7054-78b8-3fc6-85d5-42c8fe91166a	Prose and Cons	http://screen.yahoo.com/prose-cons-000000539.html
506186f3-da87-3398-9853-a6e169906fa9		
506295ed-a405-3408-a09f-bb381b4ba2f4	Women of SNL: Real Housewives Opening	http://screen.yahoo.com/women-snl-real-housewives-opening-000000510.html
514b965b-6e8a-3df9-8256-43d398716d6f	Jeffrey's	http://screen.yahoo.com/jeffreys-1-000000370.html
530c697b-95f9-31fd-9a71-5233eff1d80e	The Barry Gibb Talk Show	http://screen.yahoo.com/barry-gibb-talk-show-bee-000000825.html
5325b28b-ae9c-3b78-96b9-0e591226255a		
53523e4d-0c32-3eea-acd1-e46245cbcb57		
539e21b5-0ce7-315d-970e-b7d905f64f29		
54d548cf-5785-374c-a0a4-c89acc864604		
550b485d-f055-3d21-a592-aa4dfe4dae12	What Up With That?: Movies	http://screen.yahoo.com/movies-000000505.html
559cb931-0ca1-3937-8275-3a949a51ff37	Lawrence Welk: He's Back	http://screen.yahoo.com/lawrence-welk-hes-back-000000843.html
55fdfdf7-da0d-339d-be69-85ea016fdb6c	'Unstoppable' Trailer	http://screen.yahoo.com/unstoppable-trailer-000000405.html
569bc41a-8170-30ad-9d42-aa3840363fad	Mr. Short Term Memory	http://screen.yahoo.com/mr-short-term-memory-000000263.html
56adc1c4-01b7-3a14-b663-e91a3bf978cd	Did President Obama Break The Law To Win POWs Release From Taliban Captivity	https://news.yahoo.com/video/did-president-obama-break-law-053600135.html
56b5803d-bd92-309e-be39-fc84eb99e3cb	'I Have A Bad Feeling About This' and More 'Star Wars' Trivia	https://news.yahoo.com/video/29-facts-star-wars-probably-211810026.html
57413b48-7811-31ce-84b6-2ba7c2e4de80	14 Guys That Miley Cyrus Has &#39;Dated&#39;	https://www.yahoo.com/celebrity/video/14-guys-miley-cyrus-dated-012954576.html
57596935-d71d-3c17-89ed-263fdcd24efb		
594cc2f3-da8d-3c92-bb1a-81f396871751	Sprockets	http://screen.yahoo.com/sprockets-000000830.html
599a8cd2-9085-3117-96db-0f541ebac50e		
59b51d1d-ffad-3b98-9f44-c42bcb5fb21d	A New Design To Reduce Bird Deaths In Wind Turbines On Altamont Pass	https://news.yahoo.com/video/design-reduce-bird-deaths-wind-010700920.html
5a651bc2-5cae-39ee-976c-e0a4b1d2846b	Miley Cyrus Show: Whitney Houston	http://screen.yahoo.com/miley-cyrus-show-whitney-houston-000000256.html
5a74aedc-db81-3e56-bc76-fa9c9ef0ef83	Barry Gibb Talk Show	http://screen.yahoo.com/barry-gibb-talk-show-000000268.html
5ac73ef0-6f7a-3e31-92eb-fdcb0034ebae	Kaitlin at the Mall	http://screen.yahoo.com/kaitlin-mall-000000374.html
5b1b86c6-0192-33ec-8821-9a7ed56e030f	Unsettling Facts About What You're Putting On Your Face	https://news.yahoo.com/video/11-terrifying-facts-youre-putting-180106961.html
5bba61bc-9e84-3aad-ab9c-0315f0f57f71	North Texas Couple Adopts Embryo	https://news.yahoo.com/video/north-texas-couple-adopts-embryo-230700738.html
5c352a65-8a17-3c4a-ab12-1e15863c5da8	Miley Cyrus Monologue	http://screen.yahoo.com/miley-cyrus-monologue-000000258.html
5c49ef20-6987-3d3e-a6b5-48e0f0039bb5	Pumping up With Hans and Franz: Arnold Schwarzenegger	http://screen.yahoo.com/pumping-hans-franz-arnold-schwarzenegger-000000067.html
5c62b5b9-66cc-3b99-8aac-f1b0f6bb3c32	Weekend Update: Shelly Elaine	http://screen.yahoo.com/weekend-shelly-elaine-000000219.html
5d38c8db-c293-397f-a8e5-4f55b100a015	Depressing Video Montage Captures Obsession with Phones	https://news.yahoo.com/video/real-photos-prove-society-doomed-181135942.html
5d399b28-cd3e-34b7-873c-aacad9bd1384		
5e76b0dc-093b-386d-b85b-11511a3d2b90		
60008eb7-a6d2-3b9a-97bc-4913d3b44900		
609fef0b-b058-3697-8cd6-e178dc13b43f	Jay-Z CHEATS on Beyonce with Reality Star: Fact or Fiction?!	https://www.yahoo.com/celebrity/video/jay-z-cheats-beyonce-reality-235453923.html
60c3d802-d20b-3cb4-b4f4-570c6512ee30	Last Call: Drunken Soulmates	http://screen.yahoo.com/last-call-drunken-soulmates-000000440.html
61807b35-b5bf-3fea-8ef1-7bf2bf894081		
620cf945-8cd5-3cd0-b32b-ce94785f5938	The Most Magical Foods At Disney	https://news.yahoo.com/video/11-greatest-foods-disneyland-215850121.html
6223fb63-ec11-3f43-83f5-9f3aceb01133	Pet Parade: Broken Tail Rescue	https://news.yahoo.com/video/pet-parade-broken-tail-rescue-183000910.html
64482b92-00d9-32df-a4d8-1ef075bbe033	Mom Uses Hammer To Attack 9-Year-Old Girl In Oakland Elementary School	https://news.yahoo.com/video/mom-uses-hammer-attack-9-051200573.html
64aacca2-09a2-34f5-8aa3-987a9a51bae2		
6611dcd1-46bc-36c9-ad53-55b429888f12	&#39;The Shield&#39; Actor Michael Jace Arrested In Fatal Shooting Of His Wife	https://news.yahoo.com/video/shield-actor-michael-jace-arrested-183700213.html
66291830-1bdd-3927-bedd-6b098654a1e2		
663e8c3d-ca70-3bcb-a222-6b0b37398898	Brad Pitt Attacked At &#39;Maleficent&#39; Premiere	https://news.yahoo.com/video/brad-pitt-attacked-maleficent-premiere-051800893.html
66678063-b278-3e6d-9b5d-7623ad5982ae	Mystery Woman's Gift Of Note, $100 Bill Touches Parents	https://news.yahoo.com/video/rose-colored-box-joins-past-215200567.html
668ca6fc-30fc-3ae6-baac-e9720dd1b1ad		
6758dd04-ab50-32e6-9460-635e6f2a7b68		
67702bb9-3bd8-3791-97a2-c58d6ab5a8e4		
67d69b4b-a769-3688-a0df-ea8723a81a70	Ambiguously Gay Duo: Fortress of Privacy	http://screen.yahoo.com/ambiguously-gay-duo-fortress-privacy-000000518.html
6813602b-77d2-3b9d-950f-81030cc20c6a	Weekend Update: Get in the Cage With Liam Neeson	http://screen.yahoo.com/weekend-cage-liam-neeson-000000622.html
686ae8a2-6488-3bd2-af0f-f785c5814afa		
68b167fc-7d02-33d5-93cd-2def43f56eb4	Weekend Update: Garth and Kat: Mother's Day	http://screen.yahoo.com/weekend-garth-kat-mothers-day-000000363.html
68cf2ada-3cf7-34b5-8813-b2908edb4c94		
68d5f404-71aa-36d3-b3f6-e8035f915ef9	Sailing Rio’s Spoiled Bay	https://news.yahoo.com/video/sailing-rio-spoiled-bay-102533734.html
697521a3-012b-376c-9f66-729d697a8c45	17 Vintage Cat Photos You Won&#39;t Believe Actually Exist	https://news.yahoo.com/video/17-vintage-cat-photos-wont-183033166.html
698115e1-aa36-3752-b0eb-6627290df555	Elk Grove Woman Shocked To Find Missing Dog For Sale On Craigslist	https://news.yahoo.com/video/elk-grove-woman-shocked-missing-060200570.html
69d04c8c-abf1-36ef-91cd-9f11145bc324	Super Showcase	http://screen.yahoo.com/super-showcase-000000277.html
6a28a94c-cbe5-3766-b634-b877d4a02270	Ask The Vet: Cancer Diagnosis For Your Pet	https://news.yahoo.com/video/ask-vet-cancer-diagnosis-pet-132200260.html
6a309137-ddb6-3411-8686-15a82d72342b	Super Storm Timelapse	http://uk.news.yahoo.com/video/timelapse-video-captures-surreal-supercell-173045511.html
6a85b544-f365-3d40-b817-86352da10bc4	#TBT: Trailer for 1984's "Ghostbusters'	https://www.yahoo.com/movies/video/ghostbusters-english-trailer-1-135800886.html
6aa0cb7f-9a95-3ee8-9748-35e732fa735a	Southwest Airlines Extends Flight Schedule	https://news.yahoo.com/video/southwest-airlines-extends-flight-schedule-164400814.html
6ac1ad4f-3702-3c37-a5c3-36a2c3efd2f2	Who Is More Popular On Facebook?	https://news.yahoo.com/video/more-popular-facebook-185817757.html
6b09890f-0ee7-3c29-8c9a-7f0f17d3b57e	SNL Digital Short: Sloths!	http://screen.yahoo.com/snl-digital-short-sloths-000000330.html
6b35d13b-8fbd-38d3-8300-c8483da59866		
6b8100cc-c0d0-37f1-b9e3-ca0d645e0598	Ariana Grande &quot;Problem&quot; Preview Official Music Video!	https://www.yahoo.com/celebrity/video/ariana-grande-problem-preview-official-192757558.html
6bf0e86b-852d-333a-8955-0ef8f7e843f2		
6c40832b-bbdd-377c-b7bb-c10d3a344e08		
6cd6842b-1c15-35df-b39b-b2fc25080838		
6dfc7f92-5843-3bb8-863b-db3c4c9e6a68	The NFL&#39;s Sizable List Of Demands For Mpls. Super Bowl	https://news.yahoo.com/video/nfls-sizable-list-demands-mpls-034500457.html
6f2e5077-fba8-3643-acb8-a2f88f8f6892	Celebrity Jeopardy: Sean Connery, Burt Reynolds, Jerry Lewis	http://screen.yahoo.com/celebrity-jeopardy-sean-connery-burt-000000211.html
706546da-bb7f-35ec-8300-909cf99ac386		
70e90bcb-8fe9-3934-ad0b-796c5d9c30aa	A Galaxy Far, Far Away...Will Hit Ours	https://news.yahoo.com/video/colliding-galaxies-072923238.html
71402710-70eb-3d39-8f93-ac0cbac786af		
718c848d-9307-350b-bdf9-5d05194e2b6d	Vows | Dating Coaches in Love	https://news.yahoo.com/video/dating-coaches-love-135045963.html
719dfe93-372a-35bb-b84c-48f1ec07e24a	The Lawrence Welk Show: Summer	http://screen.yahoo.com/lawrence-welk-summer-000000159.html
72916b17-66e4-316e-8ef1-bd7085a549c1	Kimye Wedding Ruined by Ray J?! Selena Disses Justin Bieber? (Rumor Patrol)	https://www.yahoo.com/celebrity/v/kimye-wedding-ruined-ray-j-011529661.html
72d443a0-04d8-32da-b71c-a75633bd6ff7		
73e4bc6c-7440-3808-9042-8120bb20e4df	Celebrity Jeopardy	http://screen.yahoo.com/celebrity-jeopardy-000000149.html
750b9cbe-bc52-37f8-9f17-07e3f7170a3b	The Olympia Restaurant	http://screen.yahoo.com/olympia-restaurant-000000640.html
75602cf3-37b8-36ff-a1d4-f179edcf270d	Larry Kramer: The Fighting Heart	https://news.yahoo.com/video/larry-kramer-fighting-heart-115016046.html
757c63bf-c76b-3fe0-8351-8b27b9b31488	What Climate Change Would Actually Look Like	https://news.yahoo.com/video/climate-change-actually-look-212159039.html
7595886e-6ee9-301e-a00f-16576152f1a6		
75bd4dfc-5d6d-3e17-837d-915ab165c0aa		
7636f153-586e-3416-af08-93254c75a128		
7691ec1a-4d3c-32bc-88d7-f3de19538a20	Fort Ruler: Best Job In The World?	https://news.yahoo.com/video/fort-ruler-best-job-world-225508753.html
76bff743-96dd-38ac-8503-3c765320c815		
773208fe-91d8-3ade-8916-3c792982c143	Blizzard Man 1	http://screen.yahoo.com/blizzard-man-1-000000638.html
77748b2e-e0f8-32af-b067-511c34cf730b	Unfrozen Cave Man Lawyer Makes His Case	http://screen.yahoo.com/unfrozen-cave-man-lawyer-1-223412426.html
7800215e-c882-30a8-b637-ed29d53fb03c	Miley Cyrus Disrespects Selena Gomez During Bangerz Concert?	https://www.yahoo.com/celebrity/video/miley-cyrus-disrespects-selena-gomez-225502144.html
7ad93447-04c3-39e7-b362-468c684e45b0	The 15 Funniest People Questionnaire: Key and Peele	https://www.yahoo.com/style/video/15-funniest-people-questionnaire-key-040000533.html
7b65ff11-4e14-30e6-94f4-87fcf769c646	Schmitts Gay	http://screen.yahoo.com/schmitts-gay-000000579.html
7becc848-5648-3c73-960b-cf9e60d7e4be		
7c4daf48-4e89-3013-8a8d-7bc3ea9cda59		
7c629871-db4d-3376-bb61-c69165de11b4	Selena Gomez &quot;Takes Her Power Back&quot; In Sexy New Instagram Pic	https://www.yahoo.com/celebrity/v/selena-gomez-takes-her-power-234658160.html
7c6a825e-5230-3b72-8cf3-5671e88a466d		
7ca0250d-01ce-3857-b63c-f46734a182a6	Bikers change lives of abused children	http://news.yahoo.com/video/bikers-change-lives-abused-children-234809991.html
7d0e7881-dc06-3d63-844e-d1f62c767e89	Beauty Queen Recalls The Moment That Inspired Weight Loss	https://news.yahoo.com/video/miss-south-texas-tells-her-130700221.html
7dfab4d6-642b-3bd6-b3e2-82f905c14934	Will Jonah Hill Reprise Hilarious "6-Year-Old Skit" on SNL?	http://screen.yahoo.com/six-old-000000354.html
7e230ee6-a8cf-3b1a-b5a2-fd7d4dcfeeb9	MacGruber: Sensitivity Training	http://screen.yahoo.com/macgruber-sensitivity-training-000000208.html
7e84f5c1-68aa-3ef3-9d51-44f4e7a673f1		
7e8be897-4278-35da-b9b1-9b92b8cc5d84	Owners Upset Pit Bull Is Still Alive After Killing Their Dog	https://news.yahoo.com/video/owners-upset-pit-bull-still-163200161.html
7e9fc4d3-2043-333a-9889-83862e37aec4	The 19 Most Unfortunate Photos Ever Taken, In 100 Seconds	https://news.yahoo.com/video/19-most-unfortunate-photos-ever-223210659.html
7f5d0500-0813-309f-8a38-184d444d4627	21 Ridiculous Stock Photos No One Will Ever Use	https://news.yahoo.com/video/21-inexplicable-stock-photos-no-175115018.html
801ca60a-cb2c-38d6-9026-082ade507667	Weekend Update: Olya Povlatsky	http://screen.yahoo.com/weekend-olya-povlatsky-000000068.html
810d977c-edee-3ab4-9047-436cc3e64e89		
815df418-fbee-3fa4-83c7-4fbcf2a8d4a9		
819ca874-0583-30fc-b177-a13ab922dfcf	What Your Handwriting Says About You	https://news.yahoo.com/video/handwriting-says-180423008.html
81af8dca-ad7e-3d48-9595-e27d2699532b		
81ce9cff-365d-3454-bbb5-9da9ab06e1fa	Essential Traveling Tips	https://www.yahoo.com/health/video/essential-traveling-tips-170805243.html
820202fa-d0aa-3cc2-90f0-7b6b6653e6b7	Moet & Chandon	http://screen.yahoo.com/moet-chandon-000000531.html
82704761-6932-3284-bc94-aa42fddc67f8		
83119306-d0e0-3023-a056-1820a6f0900f	Dying Mother's Wish Comes True in Unforgettable H.S. Graduation	https://video.yahoo.com/inspiration/girl-early-graduation-dying-mom-031621822.html
83c12c46-7869-3cda-aed6-4fb96b29f54f	PAWS Pet Of The Week: Priscilla	https://news.yahoo.com/video/paws-pet-week-priscilla-133800656.html
85663bc9-b2cf-3c2e-80c2-7582371a0ab8	Debbie Downer Thanksgiving Dinner	http://screen.yahoo.com/debbie-downer-thanksgiving-dinner-000000704.html
85c75019-4b2a-3cb9-a57a-a779ce61f720		
86b9ea53-ba7e-3698-86a9-c91203a9cbe7	How Many of These Harry Potter Facts Do You Know?	https://news.yahoo.com/video/many-harry-potter-facts-know-153225326.html
895c793b-5b8c-352a-8a02-810417361677		
899c9b7a-92a8-320b-ba13-56ca4cd71842	Health Watch: Melting The Fat	https://news.yahoo.com/video/health-watch-melting-fat-141100972.html
8a6be0e9-5098-358e-855a-9fa4ec3b8e2f	Kissing Family: Holiday Affection	http://screen.yahoo.com/kissing-family-holiday-affection-000000318.html
8ab45cbe-c385-369d-a923-6d248ce77482		
8ba42b88-1c86-3b1e-9d90-aa58c81f8c30	Dark Souls II | Save Game Transfer	https://games.yahoo.com/video/dark-souls-ii-save-game-040715820.html
8bf484fc-20a2-38aa-a3be-00674038d493	Chippendales Audition	http://screen.yahoo.com/chippendales-audition-204009746.html
8c863fdf-753d-3185-a910-2ab57e4a71c7	It&#39;s All About The Reward!	https://www.yahoo.com/health/video/reward-040000107.html
8da9b548-ddf2-361e-bf2f-5d5990891f28	The Naked Truth 2014: Four Celebrities Go Nude for Allure	https://www.yahoo.com/style/video/naked-truth-celebrity-nudes-naked-040000762.html
8e14c3d2-9be2-3178-a7e1-82a734032251	Lindsay Lohan Monologue: Stage Arrest	http://screen.yahoo.com/lindsay-lohan-monologue-stage-arrest-000000854.html
8e24ecf1-25f3-367b-bf83-fda12466d946	Hedgehog Is Bewitched by Doorstop	http://uk.news.yahoo.com/video/hedgehog-bewitched-doorstop-104722084.html
8e72a499-9faa-3dab-aeeb-d6769aee1d4f	Cruz Wins Texas GOP Pres. Straw Poll, GOP Approves Reparative Therapy For Gays	https://news.yahoo.com/video/cruz-wins-texas-gop-pres-234400976.html
8ea4622a-df89-33ff-a320-37d8145c9308	Target	http://screen.yahoo.com/target-000000443.html
8f9007d4-64d1-31ae-b282-804a9d00a114	Mother Says Toddler Forced To Urinate In Seat On JetBlue Flight	https://news.yahoo.com/video/mother-says-toddler-forced-urinate-001700314.html
8fce2495-d88b-300d-ab3a-021946c9090c	4th Grader Allegedly Smokes Marijuana In School Restroom	https://news.yahoo.com/video/4th-grader-allegedly-smokes-marijuana-032600864.html
902e3449-c538-3309-bf46-b4e48206f6fb		
919d6af9-7279-3c01-b05e-88239b7ff9b0		
92707f78-41bb-360e-a37a-72425676b78c	Buck Henry: The 10-time 'SNL' host you may not have heard of	http://screen.yahoo.com/saturday-night-live-backstage-buck-000000831.html
9479ea09-bc90-3b5f-bde1-fabb351f8dc8		
94825031-b03a-38b2-a2a2-fed30ffadb9f	Sprockets	http://screen.yahoo.com/sprockets-000000325.html
94d58fcf-0f3d-3b8a-b245-0555feeaaf59	Justin Bieber Hangs with Kylie Jenner To Taunt Selena?	https://www.yahoo.com/celebrity/video/justin-bieber-hangs-kylie-jenner-202759062.html
95048a38-17c9-392c-9837-1e9ec86e0416	Digital Short: ‘I’m on a Boat’	http://screen.yahoo.com/snl-digital-short-im-boat-000000894.html
953eb24d-7bd3-3689-8eb6-e6a1c42a770d	Judge Sentences Stateside Trooper Accused Of Roadside Cavity Search	https://news.yahoo.com/video/judge-sentences-stateside-trooper-accused-230400023.html
95aa33b3-5d38-3cec-af57-3d82387a619c	Accident Shuts Down Major NJ Highway	https://news.yahoo.com/video/accident-shuts-down-major-nj-131600727.html
965c7789-7f01-32b9-9632-0379d9047eb0	Hugh Jackman, Michael Fassbender and James McAvoy X-Men Q&A Highlights	https://uk.movies.yahoo.com/video/hugh-jackman-michael-fassbender-james-150638112.html
98960199-d7f3-30c0-9663-a6a76669ff1a	Love-ahs in the Hot Tub	http://screen.yahoo.com/love-ahs-hot-tub-000000900.html
992d31a4-fed3-33b4-b9e4-8639cd86ef47	A Restoration Puzzle	https://news.yahoo.com/video/restoration-puzzle-114511856.html
994c3f74-7973-3d2f-af81-167412aad19c		
996e8252-582b-31cc-9b04-b2e91db52ba5		
9a129b02-b540-3e16-b6c5-ee7de74e4ad7		
9ae7e34f-fd86-3a7c-91eb-f45d8925245f	Debbie Downer: Happiest Place on Earth?	http://screen.yahoo.com/debbie-downer-happiest-place-earth-000000872.html
9ae832b8-4d54-3fdc-9917-48e2d096d0fe	Samurai Delicatessen	http://screen.yahoo.com/samurai-delicatessen-000000556.html
9c320ddb-a8d5-30ad-9cfa-501712707803		
9c8e2f49-02cd-3a77-985a-df2b12b1f163	Girl Meets World Reveals Opening Credits - VIDEO	https://www.yahoo.com/celebrity/video/girl-meets-world-reveals-opening-215625767.html
9ce008df-7275-3095-a1f1-0b6194fe3284		
9d3cd897-267c-36ea-9f48-e7355f52544e	Cardinal George Discusses Pope’s Health, Successor Ahead Of Conference	https://news.yahoo.com/video/cardinal-george-discusses-pope-health-033300516.html
9deb8155-ce3d-32b5-b858-91e7de21c2d9	Baby Animals Standing For The First Time Is Adorable And Inspiring	https://news.yahoo.com/video/video-baby-animals-standing-first-182126052.html
9dffbf9f-beb7-3d2c-8715-c7de9bbd7fdb		
9e8e01da-000d-3b88-ad3a-f6a2d7e52744	Sofa King	http://screen.yahoo.com/sofa-king-000000974.html
9e9e6dcc-29e4-3534-a0bc-b4f80a70be25	Ask A Fool- Do Dividend Stocks Perform as Well as Regular Stocks?	https://finance.yahoo.com/video/ask-fool-dividend-stocks-perform-211209674.html
9ed23b3c-e186-3752-b8ea-d5b99738ce58	Pet Parade: Broken Tail Rescue	https://news.yahoo.com/video/pet-parade-broken-tail-rescue-131200209.html
9fdba84c-9da6-36a1-9581-b659eb5e1d30	The Most Overrated Exercise	https://www.yahoo.com/health/video/most-overrated-exercise-040000579.html
a03b61f5-edf5-33b2-8d0e-210cbb7dcd7d		
a0e39219-758e-3605-9be8-803a3a8684c5	North Texas Couple Adopts Embryo	https://news.yahoo.com/video/north-texas-couple-adopts-embryo-183600613.html
a1147c8f-17fb-3f85-8bbc-ee23b955baea	When 'Mango' broke Gwyneth's heart	http://screen.yahoo.com/mango-gwyneth-paltrow-000000421.html
a1da97f8-1cb5-3303-8f43-3a78f55c1a69	Exclusive: Motorcyclist Clocked At 150+ MPH On I-75 Speaks Out	https://news.yahoo.com/video/exclusive-motorcyclist-clocked-150-mph-214100096.html
a22640bd-2271-306d-a9d4-ca1163213733		
a32909fe-9e84-30d0-b25b-11aa5926e474		
a3e37ea2-aaa8-30e7-ab42-faa954e8db6f	7 Mind Tricks That Can Help You Get What You Want	https://news.yahoo.com/video/mind-tricks-want-190357902.html
a48ae4a1-5734-30e5-a84e-e8de76ea4d05		
a868b856-ffce-3c6b-b3d5-b82b8f72fb35		
a8979516-4262-3093-8e26-94fadc05daa3		
a8aa5429-4e16-339c-90d4-304d6b6bd88d	Angelina Jolie Fashion at Maleficent Premiere in Hollywood	https://www.yahoo.com/style/video/angelina-jolie-fashion-maleficent-premiere-214349750.html
a8ac5416-5b2c-3945-bcfc-bc5995364664		
a8cb6d42-8ef2-319b-8e37-1259aeefba99	Aquarium Repairmen	http://screen.yahoo.com/aquarium-repairmen-000000839.html
a90344c9-78da-3229-8c8a-5b25625b425d	What It&#39;s Like To Be A Girl With Small Boobs	https://news.yahoo.com/video/17-things-only-girls-small-221319558.html
a961b601-4d27-32c8-b1d6-c8ed8d389839	Taylor Swift Talks End of Era & New Music	https://www.yahoo.com/celebrity/video/taylor-swift-talks-end-era-205608661.html
a97a5b9f-e1ee-36f9-beb4-9e5f5902f867	Martin Lawrence Monologue	http://screen.yahoo.com/martin-lawrence-monologue-000000289.html
a9db2d96-09c4-3c84-afba-a586afdf55b9	Police Step Up Patrols After Video Surfaces Of Mob Of Teens Attacking Tourists	https://news.yahoo.com/video/police-step-patrols-video-surfaces-122000612.html
aa41fb63-70aa-34c6-aceb-29505e1ab28f		
aae7dbad-bbc0-3f81-9f2f-daf1e8235a06		
ab98e260-5e65-3d19-9e6d-a4a0822b58b1		
aba04d99-7541-3d42-8b02-3143e546d0f1		
abe279e2-d644-3fa6-a3e3-055799d40a3a	History of Punk	http://screen.yahoo.com/history-punk-000000227.html
ac653f2d-9beb-3f9f-87dd-a3039a8ec0e9	Body Fuzion	http://screen.yahoo.com/snl-digital-short-body-fuzion-000000694.html
ad594922-0c27-3d38-9d5b-b313d0625800	The Women of GQ - The Soccer Girls of Rio	https://www.yahoo.com/style/video/women-gq-girls-rio-110000562.html
ade05aa8-db04-31c5-bd05-c1ae2e0a29c4		
b116a1da-b02e-33c5-bd96-0548f628813b		
b19348f3-d850-32b4-8e80-e45de54ea9a9	Weekend Update: Maya Angelou	http://screen.yahoo.com/weekend-maya-angelou-000000880.html
b25ad59f-a47b-3be3-ad2a-d0ee46d17fad		
b2ccc925-f444-36bc-9d1a-046246a393c4	Woman Accuses Chicago Police Of Brutality In Raid Caught On Video	https://news.yahoo.com/video/woman-accuses-chicago-police-brutality-224700781.html
b32cb61c-b914-3b6f-af56-abaa68aa1855	Weekend Update: Drunk Uncle	http://screen.yahoo.com/weekend-drunk-uncle-000000543.html
b385934c-f30d-33e2-93f3-a7799a491cd2	Weekend Update: Bill and Andy Impression off	http://screen.yahoo.com/weekend-bill-andy-impression-off-000000715.html
b3b9c71b-88bb-37a5-ac55-e1357ec3f090		
b40d84cc-c91f-3129-a58b-a4f2bee1097c	Contestant's 'Not Unrealistic' Body Still Winning Praise	http://news.yahoo.com/video/indiana-miss-usa-contestant-draws-232700859.html
b41e3edd-5c54-34d2-a4be-01c70fb6d23f		
b481693a-a7a4-3a50-a463-92bd8b85866b	Soccer Player Accidentally Exposed In School Yearbook Photo	https://news.yahoo.com/video/soccer-player-accidentally-exposed-school-005800520.html
b4a06e85-0ed7-32dd-8d7e-231ccd32e8fa	Charlize Theron's First 'SNL' Monologue	http://screen.yahoo.com/charlize-theron-monologue-000000179.html
b4cdc740-0922-34fe-9448-bb692f65d595	Phillip the Hyper Hypo	http://screen.yahoo.com/phillip-hyper-hypo-000000418.html
b530a2c7-d8a5-3822-8930-8a6bb09f9c46	Jim Cramer Says Boeing Selloff is Overdone And Investors Should Stay Calm	https://finance.yahoo.com/video/jim-cramer-says-boeing-selloff-201102828.html
b5c30d58-d52c-36e4-833b-acaacb0c5435	The 'Golden Girls' Drinking Game	https://news.yahoo.com/video/golden-girls-drinking-game-something-191154939.html
b5ff1834-dad1-3a13-8c3f-557471e17fec	Students Charged With Posting Doctored Images Of Classmates, Staff	https://news.yahoo.com/video/students-charged-posting-doctored-images-164600561.html
b6557321-356f-3e77-bbfa-3d2d55100dde		
b6dca8c0-51b1-30b9-827f-a33f8254dad4		
b6e1b4e1-fc50-3e9e-a9f0-620fcfa0cd24	When Nic Cage met 'Nic Cage'	http://screen.yahoo.com/weekend-cage-000000391.html
b70598cd-feea-3958-8675-ca578205e0c2	Davis Woman Found Guilty Of Killing Her Daughter	https://news.yahoo.com/video/davis-woman-found-guilty-killing-191400845.html
b758a8af-1ab9-3c96-93da-b8297a865fd3	20 Students Taken To Hospital After First Grader Brings Heroin To Philly School	https://news.yahoo.com/video/20-students-taken-hospital-first-212500280.html
b8f596e7-a5ee-3620-b811-a3f618667f91		
b953f478-ad32-3838-90a8-e992983faeee		
b9b44430-8fc8-34ff-b38d-23f03a9c722a		
b9bd930e-d143-3cac-a5f9-dc6d4591c38e	If Tinder Had a Feature Film, It&#39;d Look Like This	https://news.yahoo.com/video/tinder-had-feature-film-itd-175215505.html
b9c13745-6746-3b48-8871-577de7ba01fd		
b9dcbbce-8188-3343-a006-4299f8826934		
ba3a1eea-fe05-3f16-9d4f-508603f6a7b2	Saturday Night Live Backstage: Joe Piscopo	http://screen.yahoo.com/saturday-night-live-backstage-joe-000000791.html
badfeaa7-d4eb-3d11-a4d1-f1157a00d4f6	Rahm To Hillary: &quot;Dead Broke? Really?&quot;	https://news.yahoo.com/video/rahm-hillary-dead-broke-really-175200049.html
bb071e55-6062-36a9-bfb1-aaa8e3b3a8b1	Allure Insiders - Kaley Cuoco Invites Us Inside Her Boudoir (And Lets Us Smell Her Armpits)	https://www.yahoo.com/style/video/allure-insiders-kaley-cuoco-invites-140000597.html
bb9eae96-314a-3693-9a46-d7bacd5bcfa1	Digital Short: V-Necks	http://screen.yahoo.com/digital-short-v-necks-000000085.html
bbec89cc-65b8-32b4-a465-7f07294a9705		
bc090ea6-1193-383b-9ed9-ccf3479474af	Ex-Hooters Server Wins Legal Battle After She Was Fired For Violating Company Rules	https://news.yahoo.com/video/ex-hooters-server-wins-legal-064600665.html
bc814d24-275b-3113-abe7-a329c20fe0b2	Obama Not Moving Back To Chicago: Report	https://news.yahoo.com/video/obama-not-moving-back-chicago-224700430.html
bced7b77-4d67-3158-ba42-e87831b72214	El Dorado Rescued Cow Thinks She&#39;s A Dog	https://news.yahoo.com/video/el-dorado-rescued-cow-thinks-190400491.html
bcf58e68-2fb9-3ee5-8d6c-09c6955e26dd	J-Pop Talk Show: Japanese Culture Enthusiasts	http://screen.yahoo.com/j-pop-talk-show-japanese-000000156.html
be114ead-9811-38da-b5b1-afbfd5890fa2	Herd of Manatees Swarm Boat	https://news.yahoo.com/video/herd-manatees-swarm-boat-200720111.html
be32f47e-8fe6-3335-9777-e3479d641ac9	SNL Digital Short: The Tangent	http://screen.yahoo.com/snl-digital-short-tangent-000000186.html
be61e4df-5509-3a78-af43-5c95df6429f7	The 7 Most Dad Texts Ever	https://news.yahoo.com/video/8-most-dad-texts-ever-222323097.html
bed72699-232d-36bf-a7b2-768b6472abf5	Unexpected, Unplanned and Unwanted	https://news.yahoo.com/video/unexpected-unplanned-unwanted-153505292.html
bf538cda-d5a4-3027-acdd-fc4c66a5b30a		
bfb5d8d6-463a-3c64-944e-7c7e008c2710	Nicki Minaj Sexy Underboob Cutout Dress at Billboard Music Awards 2014	https://www.yahoo.com/style/video/nicki-minaj-sexy-underboob-cutout-031317616.html
c04c4cf4-9355-3ef8-b6c8-9c2a97083f49	Jealous Cat Bullies His Friend	http://uk.news.yahoo.com/video/jealous-cat-bullies-friend-092741160.html
c05152bc-11f3-32da-af8e-086f326186c9	Cheerleaders Cold Opening	http://screen.yahoo.com/cheerleaders-cold-opening-000000099.html
c08e3139-869c-3868-8de9-c29b6c0597ee	Digital Short: Steven Spielberg's pitch for "Laser Cats"	http://screen.yahoo.com/digital-short-laser-cats-7-000000999.html
c1133172-c0c0-3475-9a06-d5c562e6509c	Girl You Wish You Hadn't Started a Conversation With at a Party	http://screen.yahoo.com/girl-wish-hadnt-started-conversation-000000658.html
c15c70e6-a94f-3ae8-aa1e-b95dba3ff123	Hamm and Buble	http://screen.yahoo.com/hamm-buble-000000023.html
c1a256a4-1bb4-3676-9c68-bb27c8713def		
c2119f6c-3492-3c70-a005-df7b754efb6b		
c2752c95-4f43-3dea-a2fc-c05774ef14a3	Canteen Boy and the Scoutmaster	http://screen.yahoo.com/canteen-boy-scoutmaster-000000635.html
c3b6441d-9d13-30c6-9c52-dd724dc04131	Pancreatic, Liver Cancer Deaths Are On The Rise	https://news.yahoo.com/video/pancreatic-liver-cancer-deaths-rise-223100266.html
c3fdd8e8-f750-30f6-97c0-43c63c521c80	Alien Beacons: The Google Maps Conspiracy	https://news.yahoo.com/video/alien-beacons-google-maps-conspiracy-103042457.html
c436409a-0bdb-3ae9-a903-82e2927b9d96	Long Island Medium	http://screen.yahoo.com/long-island-medium-000000870.html
c43fa624-8424-3251-9e17-a15fec0e160d	Weekend Update: Sarah Palin	http://screen.yahoo.com/weekend-sarah-palin-000000661.html
c484c983-b95a-3c24-a449-a181675079d0	Japanese Game Show	http://screen.yahoo.com/japanese-game-show-000000729.html
c5e9c652-8122-39ac-a2d9-20cb7848e4b3	Weekend Update: Joke Off	http://screen.yahoo.com/weekend-joke-off-000000916.html
c63162b8-b3c9-3f08-b957-caae0a19e3ac	How Long Until You First See The Monster?	https://news.yahoo.com/video/long-until-first-see-monster-005702127.html
c7482695-6c35-33a2-8f76-dba96f4f7f6d	Did Big Pharma Deliberately Give People AIDS?	https://news.yahoo.com/video/did-big-pharma-deliberately-people-104038980.html
c7f14f6e-5b0d-3361-bb7b-5ab6137e16d3	Jacuzzi Lifeguard	http://screen.yahoo.com/jacuzzi-lifeguard-000000172.html
c8a573cc-505f-37a1-9f08-b2ec3fdcc590	T-Mobile CEO John Legere Pegged as Boss of Merged Sprint Company	https://finance.yahoo.com/video/t-mobile-ceo-john-legere-214102629.html
c96652ad-e882-39f3-bacc-93bb6517024e	Weekend Update Bloopers	http://screen.yahoo.com/weekend-bloopers-000000309.html
c96d62fa-f07c-3848-b126-bf7bbd3261ad	Jewess Jeans	http://screen.yahoo.com/jewess-jeans-000000448.html
c9d62392-c735-36dc-b849-95f2a0ca8bd2		
c9e34a33-4da8-3b6d-b0ce-05fe2a122c80	Kendall Jenner&#39;s Flub & Best Billboard Music Awards Moments! Jennifer Lawrence Meets Justin Bieber	https://www.yahoo.com/celebrity/v/kendall-jenners-flub-best-billboard-020024448.html
caa8145a-7492-3ce2-bc91-9dd04caa78a3		
cacb4ceb-2189-3820-8329-66beaa55fd6a	NPR Delicious Dish: Dusty Muffin	http://screen.yahoo.com/npr-delicious-dish-dusty-muffin-000000345.html
cb2f3154-8183-3d99-baa4-2b98239d29d0		
cc026707-205e-36f8-acb5-795b1b1c7b5b	Oakland High Students Defend Security Guard Charged With Beating Student	https://news.yahoo.com/video/oakland-high-students-defend-security-011800634.html
cc39f988-8a5d-3831-bb60-fa7aa143b507		
cc8a83e7-c48c-3c8a-a978-143bbe88e66c	Justin Bieber Back In Jail for &quot;Behaving Badly&quot;	https://www.yahoo.com/celebrity/video/justin-bieber-back-jail-behaving-231039259.html
ccb4cd31-e36f-3963-9913-4868d747f23e		
ccf0f6a8-fd38-364f-beac-1ea479783a16		
cd4b018a-a869-37ae-a144-5b8ea9443b12	The Judy Miller Show	http://screen.yahoo.com/judy-miller-show-000000950.html
cdaafc15-c924-3c8e-820d-f31714cc7f6a		
cf6da83d-1f48-3b60-abf3-8667a5520a8a		
d00cbc65-daf0-3ea0-a2b5-95c282294e27		
d0ee239d-86a5-342f-972d-ca01ac108320		
d0f6c0ee-abf9-3349-87ee-522a8a261e52	Father&#39;s Day Grilling Recipes	https://news.yahoo.com/video/fathers-day-grilling-recipes-151900857.html
d1047aa2-42b9-3eea-8a97-712778d4fc04	Slomo	https://news.yahoo.com/video/slomo-113549657.html
d26453d6-c12d-36fe-98ac-2b2104d9b693		
d29ba0fa-7edf-3241-9839-71ed5f0e73e6	20 Students Taken To Hospital After First Grader Brings Heroin To School	https://news.yahoo.com/video/20-students-taken-hospital-first-040000996.html
d33a76f2-88d9-3adf-9919-249796ac3f83		
d34ec57b-df6e-37e8-9196-8bdee4edcae5	Governor Signs Nation’s First ‘Right To Try’ Bill Into Law	https://news.yahoo.com/video/governor-signs-nation-first-try-001300497.html
d4650387-def2-38cb-9adf-631079555309		
d55e99a5-1011-33af-8758-b6bdff9c1ded		
d563c0c1-9757-34d1-9153-dce911d7299f		
d6ec89af-1ada-3d47-9fa1-c40bfb578ccd		
d89aab5c-575b-304d-8373-54060847cf04	Fred Garvin Male Prostitute	http://screen.yahoo.com/fred-garvin-male-prostitute-000000541.html
d8e23095-a7a3-3e9c-9c4c-0e1f82b9ebe7		
d8ece3fb-0804-388c-8a89-36ea28a3e87f	Oh Lorde 'White Girls'	https://www.yahoo.com/tv/video/white-girls-040000964.html
d9195085-9288-322f-abed-aca3d8c983f3	Rise	http://screen.yahoo.com/rise-000000412.html
d97b7040-5be1-33bd-96ef-509ea462eee1	Weekend Update: Stefon on Halloween	http://screen.yahoo.com/weekend-stefon-halloween-000000179.html
da6f12fb-3710-3690-9fb3-bd3ecd0d7574	If Asians Said The Stuff White People Say	https://news.yahoo.com/video/asians-said-stuff-white-people-194324275.html
db2aa197-731e-305e-9d58-fe4652b2ccc3		
dbc7dc47-f4dd-3f20-a496-08c97c0410dc	The Flip Side Workout	http://news.yahoo.com/video/flip-side-workout-000000175.html
dbccf38c-cf30-330e-a4f1-68ff1902b885	Saturday Night Live Backstage: Albert Brooks	http://screen.yahoo.com/saturday-night-live-backstage-albert-000000114.html
dc0d8953-4173-364b-b6ee-3853da5b969a		
dc7e9444-f903-36a5-804d-31075479431b	Joy eases heartbreak as wife in coma gives birth	https://news.yahoo.com/video/woman-coma-gives-birth-baby-175100877.html
dc7f2a2e-b7d5-3c81-88ca-75cb70ab80b3	Watch Teachers Talk About What They Learned Their First Year Teaching	https://news.yahoo.com/video/watch-teachers-talk-learned-first-195606960.html
dcc5560e-3797-3fe1-a180-75eb708842f7	Kardashian Divorce Special	http://screen.yahoo.com/kardashian-divorce-special-000000328.html
dd614edd-d1fd-37cb-b770-16be86391fef	Hermes	http://screen.yahoo.com/hermes-000000630.html
ddb5bb91-136f-36a2-b4c7-8cf59431be99	Maya Angelou for Froot Loops	http://screen.yahoo.com/maya-angelou-froot-loops-000000744.html
ddc4f53b-e28a-3f10-959a-fe474db4bc81	Children Found Wandering The Streets In Miami	https://news.yahoo.com/video/children-found-wandering-streets-miami-160700037.html
dde03f17-ef81-3d26-9ca0-fa609902744d		
de67761a-e5ae-36dd-8e5d-7429f5788271		
df0d2d2d-03f7-3d9f-8dbb-50d556585d43	Platoon Enlisted For Surprise Proposal	http://news.yahoo.com/video/love-letters-inspire-soldiers-proposal-115554615.html
df193973-8bd4-3ff3-9e26-d3e348e4c36c		
df6bf0b7-ac08-34c0-9a30-0e9f271116b9	Maddie&#39;s Pet Adoption Days Biggest Free Pet Event In USA	https://news.yahoo.com/video/maddies-pet-adoption-days-biggest-055100671.html
e1592d52-cf01-34ce-8ad4-15812c81f32d	21 Ways To Open A Bottle That Will Change Your Life	https://news.yahoo.com/video/21-ways-open-bottle-know-213651915.html
e207659f-4b64-331b-90da-cf6a8117d5b9	The Sexiest Shots in Golf - Anna Rawson Shows You How to Hit a Power Draw with a Driver	https://sports.yahoo.com/video/sexiest-shots-golf-anna-rawson-140000937.html
e2f8f581-7655-3026-99cc-d660692a7689	Weekend Update: Stefon's Farewell	http://screen.yahoo.com/weekend-stefons-farewell-000000913.html
e4717042-92e5-3655-b00c-56936404b7cf	Bad Idea Jeans	http://screen.yahoo.com/bad-idea-jeans-000000942.html
e49014c7-092d-3c48-b2ad-e0ce5e9684ad		
e59617d8-a59e-356a-9f34-014fda6fb61c		
e6410e4b-a3de-3aa1-a561-11e1a674f53e	Maya Angelou for Butterfinger	http://screen.yahoo.com/maya-angelou-butterfinger-000000314.html
e652f1dc-b0d8-3d01-a33a-7da9453c824c		
e67b8e1d-53bf-3942-89b5-e9b987f4cc44	Justin Bieber Hooked Up With WHO? Miley Cyrus&#39; World Music Awards Performance (DHR)	https://www.yahoo.com/celebrity/v/justin-bieber-hooked-miley-cyrus-003927077.html
e6ccc423-bf23-3af8-941e-defced86776f	Ariana Grande Performs Problem with Iggy at the 2014 Billboard Music Awards	https://www.yahoo.com/celebrity/video/ariana-grande-performs-problem-iggy-034810783.html
e6ef33cf-6765-336f-941e-c0245731bcef	Googly Eyes Gardener	http://screen.yahoo.com/googly-eyes-gardener-000000217.html
e76e04dd-96a2-3538-aa2a-b8c103ed046b		
e7ccf281-6cdf-3f04-b142-4a5a723a1fb1	It's Pat: Birthday Party	http://screen.yahoo.com/pat-birthday-party-000000920.html
e81d219b-7ebe-328c-a291-abc5f25ea2b8	Deer Crashes Through Window & Ransacks Highland Park Home	https://news.yahoo.com/video/deer-crashes-window-ransacks-highland-160900495.html
e85222a6-2d36-30e2-9414-b7d50e277421	White Like Me	http://screen.yahoo.com/white-000000112.html
e8d0a059-a6a0-3e59-a1fa-cac3f5d09c6a	Overnight Meteor Shower Could Be A Sparkling Light Show In The Sky	https://news.yahoo.com/video/overnight-meteor-shower-could-sparkling-221100060.html
ea1cb6e6-1f85-3cd1-bf02-33d2aee5cfc5	Oprah: 50th Birthday Presents	http://screen.yahoo.com/oprah-50th-birthday-presents-000000004.html
ebb610ff-030d-3d67-a9e4-74ff74dea2f2	Kim Kardashian & Kanye West Wedding Photos!	https://www.yahoo.com/celebrity/video/kim-kardashian-kanye-west-wedding-214315211.html
ebfb8d9f-0a92-3225-bab8-adb740f25460	Maya Angelou Prank Show	http://screen.yahoo.com/maya-angelou-prank-show-000000680.html
ed60c6db-a821-31a2-97b7-bf739349b16f	What Does The Gender Wage Gap Actually Look Like?	https://news.yahoo.com/video/much-more-money-men-women-202245716.html
edf04e73-e5c7-35ba-a1f0-3528e15f66dd	Jennifer Lopez heats up World Cup Opening	https://es.vida-estilo.yahoo.com/video/jennifer-lopez-heats-world-cup-102300443.html
ee2948fa-7701-32d0-b941-273856e74511	Miss South Texas On Her 100-Pound Weight Loss	https://news.yahoo.com/video/miss-south-texas-her-100-125000133.html
ee66c81c-201c-3f68-92de-45455eda84f7	Melissa McCarthy's (Creepy) Sister Act on 'Saturday Night Live'	http://screen.yahoo.com/cold-opening-lawrence-welk-dawn-000000803.html
ef52d0a3-19f9-39e6-a630-2074c1de837a		
efce32a6-9fee-33e7-9dab-a4c56495adf1		
efe321ed-1a2f-3e00-b2d0-bbda261bec20		
f16ae1ea-24ff-3d49-be5b-d37a3eb93d7f		
f17f4e70-3dc7-35a1-a164-2024c48542cb	Louis CK Monologue	http://screen.yahoo.com/louis-ck-monologue-000000338.html
f1f44b15-3302-374a-9d8e-fef560b0dc02	The Californians: Wedding	http://screen.yahoo.com/californians-wedding-000000327.html
f4e19245-9bb4-3a69-a53d-042d1142942c		
f77f66e4-e2d9-3aaa-aa01-c0a2172ecd13	First Look at Zendaya&#39;s &#39;Zapped&#39; Disney Channel Movie!	https://www.yahoo.com/celebrity/v/first-look-zendayas-zapped-disney-232825580.html
f7c0eccb-65e9-378e-98ba-a608887519a7		
f7e983f6-abf7-391e-9031-0050acd4422d	Seth and Stefon share a special 'Weekend Update' moment	http://screen.yahoo.com/weekend-stefon-spring-000000299.html
f7ff2fa4-9d3e-3818-9c8c-c3ef5f5e2ec9	Coffee Drink Calorie Bombs	https://www.yahoo.com/health/v/coffee-drink-calorie-bombs-040000006.html
f817824b-42cb-3231-adde-8a7d96d4bf7d		
f8ddb630-b9ea-3f36-b8d0-5b0bb0feaf75		
f934214f-332b-3e9c-8016-09b23d8ad9b2	Shake Weight DVD	http://screen.yahoo.com/shake-weight-dvd-000000161.html
f980c7cd-6b63-3ad9-9769-3aeb324aa7b2	Golf Course Owners On Short End Of Water Rights Decisions In California Drought	https://news.yahoo.com/video/golf-course-owners-short-end-063400588.html
fa749927-8f08-3448-bf14-8b51d3224051		
fae2c79f-298f-300f-a13d-b8825cd44d51	SNL Digital Short: Lazy Sunday	http://screen.yahoo.com/snl-digital-short-lazy-sunday-000000173.html
fbaa59a9-e6f6-34ac-860a-e9ba1be9a670		
fbb2ab8c-41e5-3a8e-ad85-514695e4315c	7 Biggest Blockbuster Movie Flops That Should Have Been Hits	https://www.yahoo.com/movies/video/7-biggest-blockbuster-movie-flops-030712754.html
fc4093b0-e66e-3c04-b298-4726a2b4aa14	1920's Party	http://screen.yahoo.com/1920s-party-000000761.html
fc952ffd-debb-34f5-b9ca-8f196386336a	Tales of Bill Brasky: Airport Bar	http://screen.yahoo.com/tales-bill-brasky-airport-bar-000000422.html
fca5637f-3a3e-36bf-8fce-b50ff2b16237	Lion Pride Debuts For Historic Father’s Day At Zoo Miami	https://news.yahoo.com/video/lion-pride-debuts-historic-father-224800379.html
fd404d40-226b-340c-9b7c-a515a69e1b8d	Target Lady	http://screen.yahoo.com/target-lady-000000609.html
fd561f85-34bc-394f-a70b-1ad3c7bb167c	Puppet Class	http://screen.yahoo.com/puppet-class-000000155.html
fd86d583-1f5a-333c-bf1e-0f30173049d7	Strangers Charmed By Student's High-Five Request	http://uk.news.yahoo.com/video/high-fiving-strangers-brings-smile-142628918.html
fd9d5c8b-d585-3410-9798-a5eb25332de6	Losing It With John Stamos: Stacey Dash	https://www.yahoo.com/tv/video/losing-john-stamos-stacey-dash-221245494.html
fdb50a70-657f-3fba-bcf1-0145eafdb1ce	Seal Team 8: Behind Enemy Lines	https://www.yahoo.com/movies/video/seal-team-8-behind-enemy-103400389.html
fe3ae593-a1d7-3c02-ad91-9d3a38f04911		
fe8e0120-804b-3db1-a6fd-3599c8e61287		
ffa41791-4c67-30b9-8dcc-f021770e0983		
